id,word,sitelen_pona,sitelen_sitelen,sitelen_emosi,luka_pona,audio/kala_asi,audio/jan_lakuse,definition_english,tags
a,a,a,"<img src=‚Äùt47_nimi_a"">",‚ùó,,http://antetokipona.infinityfreeapp.com/kalama/kalaasi/a.mp3,http://antetokipona.infinityfreeapp.com/kalama/jlakuse/a.mp3,"(emphasis, emotion or confirmation)","core, pu"
akesi,akesi,akesi,"<img src=‚Äùt47_nimi_akesi"">",ü¶é,http://antetokipona.infinityfreeapp.com/lukapona/gif/akesi.gif,http://antetokipona.infinityfreeapp.com/kalama/kalaasi/akesi.mp3,http://antetokipona.infinityfreeapp.com/kalama/jlakuse/akesi.mp3,"non-cute animal; reptile, amphibian","core, pu"
ala,ala,ala,"<img src=‚Äùt47_nimi_ala"">",‚ùå,http://antetokipona.infinityfreeapp.com/lukapona/gif/ala.gif,http://antetokipona.infinityfreeapp.com/kalama/kalaasi/ala.mp3,http://antetokipona.infinityfreeapp.com/kalama/jlakuse/ala.mp3,"no, not, zero; [~ ala ~] (used to form a yes-no question); nothing","core, pu"
alasa,alasa,alasa,"<img src=‚Äùt47_nimi_alasa"">",üèπ,http://antetokipona.infinityfreeapp.com/lukapona/gif/alasa.gif,http://antetokipona.infinityfreeapp.com/kalama/kalaasi/alasa.mp3,http://antetokipona.infinityfreeapp.com/kalama/jlakuse/alasa.mp3,"to hunt, forage, seek | ALT (pv.) try to, attempt","core, pu"
ale,ale,ale,"<img src=‚Äùt47_nimi_ale"">",‚ôæÔ∏è,http://antetokipona.infinityfreeapp.com/lukapona/gif/ale.gif,http://antetokipona.infinityfreeapp.com/kalama/kalaasi/ale.mp3,http://antetokipona.infinityfreeapp.com/kalama/jlakuse/ale.mp3,"all; abundant, countless, bountiful, every, plentiful; abundance, everything, life, universe; one hundred | ALT 100","core, pu"
anpa,anpa,anpa,"<img src=‚Äùt47_nimi_anpa"">",‚¨áÔ∏è,http://antetokipona.infinityfreeapp.com/lukapona/gif/anpa.gif,http://antetokipona.infinityfreeapp.com/kalama/kalaasi/anpa.mp3,http://antetokipona.infinityfreeapp.com/kalama/jlakuse/anpa.mp3,"bowing down, downward, humble, lowly, dependent | ALT bottom, lower part, under, below, floor, beneath; low, lower, bottom, down","core, pu"
ante,ante,ante,"<img src=‚Äùt47_nimi_ante"">",üîÄ,http://antetokipona.infinityfreeapp.com/lukapona/gif/ante.gif,http://antetokipona.infinityfreeapp.com/kalama/kalaasi/ante.mp3,http://antetokipona.infinityfreeapp.com/kalama/jlakuse/ante.mp3,"different, altered, changed, other","core, pu"
anu,anu,anu,"<img src=‚Äùt47_nimi_anu"">",‚òØÔ∏è,http://antetokipona.infinityfreeapp.com/lukapona/gif/anu.gif,http://antetokipona.infinityfreeapp.com/kalama/kalaasi/anu.mp3,http://antetokipona.infinityfreeapp.com/kalama/jlakuse/anu.mp3,"or | ALT choose, decide","core, pu"
awen,awen,awen,"<img src=‚Äùt47_nimi_awen"">",‚öì,http://antetokipona.infinityfreeapp.com/lukapona/gif/awen.gif,http://antetokipona.infinityfreeapp.com/kalama/kalaasi/awen.mp3,http://antetokipona.infinityfreeapp.com/kalama/jlakuse/awen.mp3,"enduring, kept, protected, safe, waiting, staying; (pv.) to continue to, to keep","core, pu"
e,e,e,"<img src=‚Äùt47_nimi_e"">",‚è©,,http://antetokipona.infinityfreeapp.com/kalama/kalaasi/e.mp3,http://antetokipona.infinityfreeapp.com/kalama/jlakuse/e.mp3,(before the direct object),"core, pu"
en,en,en,"<img src=‚Äùt47_nimi_en"">",‚ûï,http://antetokipona.infinityfreeapp.com/lukapona/gif/en.gif,http://antetokipona.infinityfreeapp.com/kalama/kalaasi/en.mp3,http://antetokipona.infinityfreeapp.com/kalama/jlakuse/en.mp3,(between multiple subjects),"core, pu"
esun,esun,esun,"<img src=‚Äùt47_nimi_esun"">",üõí,http://antetokipona.infinityfreeapp.com/lukapona/gif/esun.gif,http://antetokipona.infinityfreeapp.com/kalama/kalaasi/esun.mp3,http://antetokipona.infinityfreeapp.com/kalama/jlakuse/esun.mp3,"market, shop, fair, bazaar, business transaction","core, pu"
ijo,ijo,ijo,"<img src=‚Äùt47_nimi_ijo"">",üêö,http://antetokipona.infinityfreeapp.com/lukapona/gif/ijo.gif,http://antetokipona.infinityfreeapp.com/kalama/kalaasi/ijo.mp3,http://antetokipona.infinityfreeapp.com/kalama/jlakuse/ijo.mp3,"thing, phenomenon, object, matter","core, pu"
ike,ike,ike,"<img src=‚Äùt47_nimi_ike"">",üëé,http://antetokipona.infinityfreeapp.com/lukapona/gif/ike.gif,http://antetokipona.infinityfreeapp.com/kalama/kalaasi/ike.mp3,http://antetokipona.infinityfreeapp.com/kalama/jlakuse/ike.mp3,"bad, negative; non-essential, irrelevant | ALT complicated, complex","core, pu"
ilo,ilo,ilo,"<img src=‚Äùt47_nimi_ilo"">",‚öôÔ∏è,http://antetokipona.infinityfreeapp.com/lukapona/gif/ilo.gif,http://antetokipona.infinityfreeapp.com/kalama/kalaasi/ilo.mp3,http://antetokipona.infinityfreeapp.com/kalama/jlakuse/ilo.mp3,"tool, implement, machine, device","core, pu"
insa,insa,insa,"<img src=‚Äùt47_nimi_insa"">",‚è∫Ô∏è,http://antetokipona.infinityfreeapp.com/lukapona/gif/insa.gif,http://antetokipona.infinityfreeapp.com/kalama/kalaasi/insa.mp3,http://antetokipona.infinityfreeapp.com/kalama/jlakuse/insa.mp3,"centre, content, inside, between; internal organ, stomach","core, pu"
jaki,jaki,jaki,"<img src=‚Äùt47_nimi_jaki"">",üí©,http://antetokipona.infinityfreeapp.com/lukapona/gif/jaki.gif,http://antetokipona.infinityfreeapp.com/kalama/kalaasi/jaki.mp3,http://antetokipona.infinityfreeapp.com/kalama/jlakuse/jaki.mp3,"disgusting, obscene, sickly, toxic, unclean, unsanitary","core, pu"
jan,jan,jan,"<img src=‚Äùt47_nimi_jan"">",üë§,http://antetokipona.infinityfreeapp.com/lukapona/gif/jan.gif,http://antetokipona.infinityfreeapp.com/kalama/kalaasi/jan.mp3,http://antetokipona.infinityfreeapp.com/kalama/jlakuse/jan.mp3,"human being, person, somebody","core, pu"
jelo,jelo,jelo,"<img src=‚Äùt47_nimi_jelo"">",üíõ,http://antetokipona.infinityfreeapp.com/lukapona/gif/jelo.gif,http://antetokipona.infinityfreeapp.com/kalama/kalaasi/jelo.mp3,http://antetokipona.infinityfreeapp.com/kalama/jlakuse/jelo.mp3,"yellow, yellowish","core, pu"
jo,jo,jo,"<img src=‚Äùt47_nimi_jo"">",üëú,http://antetokipona.infinityfreeapp.com/lukapona/gif/jo.gif,http://antetokipona.infinityfreeapp.com/kalama/kalaasi/jo.mp3,http://antetokipona.infinityfreeapp.com/kalama/jlakuse/jo.mp3,"to have, carry, contain, hold","core, pu"
kala,kala,kala kala2,"<img src=‚Äùt47_nimi_kala"">",üêü,http://antetokipona.infinityfreeapp.com/lukapona/gif/kala.gif,http://antetokipona.infinityfreeapp.com/kalama/kalaasi/kala.mp3,http://antetokipona.infinityfreeapp.com/kalama/jlakuse/kala.mp3,"fish, marine animal, sea creature","core, pu"
kalama,kalama,kalama,"<img src=‚Äùt47_nimi_kalama"">",üîà,http://antetokipona.infinityfreeapp.com/lukapona/gif/kalama.gif,http://antetokipona.infinityfreeapp.com/kalama/kalaasi/kalama.mp3,http://antetokipona.infinityfreeapp.com/kalama/jlakuse/kalama.mp3,"to produce a sound; recite, utter aloud","core, pu"
kama,kama,kama,"<img src=‚Äùt47_nimi_kama"">",üö∂,,http://antetokipona.infinityfreeapp.com/kalama/kalaasi/kama.mp3,http://antetokipona.infinityfreeapp.com/kalama/jlakuse/kama.mp3,"arriving, coming, future, summoned; (pv.) to become, manage to, succeed in","core, pu"
kasi,kasi,kasi,"<img src=‚Äùt47_nimi_kasi"">",üå¥,http://antetokipona.infinityfreeapp.com/lukapona/gif/kasi.gif,http://antetokipona.infinityfreeapp.com/kalama/kalaasi/kasi.mp3,http://antetokipona.infinityfreeapp.com/kalama/jlakuse/kasi.mp3,"plant, vegetation; herb, leaf","core, pu"
ken,ken,ken,"<img src=‚Äùt47_nimi_ken"">",üí™,http://antetokipona.infinityfreeapp.com/lukapona/gif/ken.gif,http://antetokipona.infinityfreeapp.com/kalama/kalaasi/ken.mp3,http://antetokipona.infinityfreeapp.com/kalama/jlakuse/ken.mp3,"to be able to, be allowed to, can, may; possible","core, pu"
kepeken,kepeken,kepeken,"<img src=‚Äùt47_nimi_kepeken"">",üîß,http://antetokipona.infinityfreeapp.com/lukapona/gif/kepeken.gif,http://antetokipona.infinityfreeapp.com/kalama/kalaasi/kepeken.mp3,http://antetokipona.infinityfreeapp.com/kalama/jlakuse/kepeken.mp3,"to use, with, by means of","core, pu"
kili,kili,kili,"<img src=‚Äùt47_nimi_kili"">",üçé,http://antetokipona.infinityfreeapp.com/lukapona/gif/kili.gif,http://antetokipona.infinityfreeapp.com/kalama/kalaasi/kili.mp3,http://antetokipona.infinityfreeapp.com/kalama/jlakuse/kili.mp3,"fruit, vegetable, mushroom","core, pu"
kiwen,kiwen,kiwen,"<img src=‚Äùt47_nimi_kiwen"">",üíé,http://antetokipona.infinityfreeapp.com/lukapona/gif/kiwen.gif,http://antetokipona.infinityfreeapp.com/kalama/kalaasi/kiwen.mp3,http://antetokipona.infinityfreeapp.com/kalama/jlakuse/kiwen.mp3,"hard object, metal, rock, stone","core, pu"
ko,ko,ko,"<img src=‚Äùt47_nimi_ko"">",üç¶,http://antetokipona.infinityfreeapp.com/lukapona/gif/ko.gif,http://antetokipona.infinityfreeapp.com/kalama/kalaasi/ko.mp3,http://antetokipona.infinityfreeapp.com/kalama/jlakuse/ko.mp3,"clay, clinging form, dough, semi-solid, paste, powder","core, pu"
kon,kon,kon,"<img src=‚Äùt47_nimi_kon"">",üí®,http://antetokipona.infinityfreeapp.com/lukapona/gif/kon.gif,http://antetokipona.infinityfreeapp.com/kalama/kalaasi/kon.mp3,http://antetokipona.infinityfreeapp.com/kalama/jlakuse/kon.mp3,"air, breath; essence, spirit; hidden reality, unseen agent","core, pu"
kule,kule,kule,"<img src=‚Äùt47_nimi_kule"">",üåà,http://antetokipona.infinityfreeapp.com/lukapona/gif/kule.gif,http://antetokipona.infinityfreeapp.com/kalama/kalaasi/kule.mp3,http://antetokipona.infinityfreeapp.com/kalama/jlakuse/kule.mp3,"colorful, pigmented, painted | ALT of or relating to the LGBT+ community","core, pu"
kulupu,kulupu,kulupu,"<img src=‚Äùt47_nimi_kulupu"">",üë•,http://antetokipona.infinityfreeapp.com/lukapona/gif/kulupu.gif,http://antetokipona.infinityfreeapp.com/kalama/kalaasi/kulupu.mp3,http://antetokipona.infinityfreeapp.com/kalama/jlakuse/kulupu.mp3,"community, company, group, nation, society, tribe","core, pu"
kute,kute,kute,"<img src=‚Äùt47_nimi_kute"">",üëÇ,http://antetokipona.infinityfreeapp.com/lukapona/gif/kute.gif,http://antetokipona.infinityfreeapp.com/kalama/kalaasi/kute.mp3,http://antetokipona.infinityfreeapp.com/kalama/jlakuse/kute.mp3,"ear; to hear, listen; pay attention to, obey","core, pu"
la,la,la,"<img src=‚Äùt47_nimi_la"">",üîº,http://antetokipona.infinityfreeapp.com/lukapona/gif/la.gif,http://antetokipona.infinityfreeapp.com/kalama/kalaasi/la.mp3,http://antetokipona.infinityfreeapp.com/kalama/jlakuse/la.mp3,(between the context phrase and the main sentence),"core, pu"
lape,lape,lape,"<img src=‚Äùt47_nimi_lape"">",üò¥,http://antetokipona.infinityfreeapp.com/lukapona/gif/lape.gif,http://antetokipona.infinityfreeapp.com/kalama/kalaasi/lape.mp3,http://antetokipona.infinityfreeapp.com/kalama/jlakuse/lape.mp3,"sleeping, resting","core, pu"
laso,laso,laso,"<img src=‚Äùt47_nimi_laso"">",üîµ,http://antetokipona.infinityfreeapp.com/lukapona/gif/laso.gif,http://antetokipona.infinityfreeapp.com/kalama/kalaasi/laso.mp3,http://antetokipona.infinityfreeapp.com/kalama/jlakuse/laso.mp3,"blue, green","core, pu"
lawa,lawa,lawa,"<img src=‚Äùt47_nimi_lawa"">",üò∂,http://antetokipona.infinityfreeapp.com/lukapona/gif/lawa.gif,http://antetokipona.infinityfreeapp.com/kalama/kalaasi/lawa.mp3,http://antetokipona.infinityfreeapp.com/kalama/jlakuse/lawa.mp3,"head, mind; to control, direct, guide, lead, own, plan, regulate, rule","core, pu"
len,len,len,"<img src=‚Äùt47_nimi_len"">",üëï,http://antetokipona.infinityfreeapp.com/lukapona/gif/len.gif,http://antetokipona.infinityfreeapp.com/kalama/kalaasi/len.mp3,http://antetokipona.infinityfreeapp.com/kalama/jlakuse/len.mp3,"cloth, clothing, fabric, textile; cover, layer of privacy","core, pu"
lete,lete,lete,"<img src=‚Äùt47_nimi_lete"">",‚ùÑÔ∏è,http://antetokipona.infinityfreeapp.com/lukapona/gif/lete.gif,http://antetokipona.infinityfreeapp.com/kalama/kalaasi/lete.mp3,http://antetokipona.infinityfreeapp.com/kalama/jlakuse/lete.mp3,"cold, cool; uncooked, raw","core, pu"
li,li,li,"<img src=‚Äùt47_nimi_li"">",‚ñ∂Ô∏è,,http://antetokipona.infinityfreeapp.com/kalama/kalaasi/li.mp3,http://antetokipona.infinityfreeapp.com/kalama/jlakuse/li.mp3,(between any subject except mi alone or sina alone and its verb; also to introduce a new verb for the same subject),"core, pu"
lili,lili,lili,"<img src=‚Äùt47_nimi_lili"">",üê≠,http://antetokipona.infinityfreeapp.com/lukapona/gif/lili.gif,http://antetokipona.infinityfreeapp.com/kalama/kalaasi/lili.mp3,http://antetokipona.infinityfreeapp.com/kalama/jlakuse/lili.mp3,"little, small, short; few; a bit; young","core, pu"
linja,linja,linja,"<img src=‚Äùt47_nimi_linja"">",„Ä∞Ô∏è,http://antetokipona.infinityfreeapp.com/lukapona/gif/linja.gif,http://antetokipona.infinityfreeapp.com/kalama/kalaasi/linja.mp3,http://antetokipona.infinityfreeapp.com/kalama/jlakuse/linja.mp3,"long and flexible thing; cord, hair, rope, thread, yarn | ALT line, connection","core, pu"
lipu,lipu,lipu,"<img src=‚Äùt47_nimi_lipu"">",üìÑ,http://antetokipona.infinityfreeapp.com/lukapona/gif/lipu.gif,http://antetokipona.infinityfreeapp.com/kalama/kalaasi/lipu.mp3,http://antetokipona.infinityfreeapp.com/kalama/jlakuse/lipu.mp3,"flat object; book, document, card, paper, record, website","core, pu"
loje,loje,loje,"<img src=‚Äùt47_nimi_loje"">",üî¥,http://antetokipona.infinityfreeapp.com/lukapona/gif/loje.gif,http://antetokipona.infinityfreeapp.com/kalama/kalaasi/loje.mp3,http://antetokipona.infinityfreeapp.com/kalama/jlakuse/loje.mp3,"red, reddish","core, pu"
lon,lon,lon,"<img src=‚Äùt47_nimi_lon"">",üìç,http://antetokipona.infinityfreeapp.com/lukapona/gif/lon.gif,http://antetokipona.infinityfreeapp.com/kalama/kalaasi/lon.mp3,http://antetokipona.infinityfreeapp.com/kalama/jlakuse/lon.mp3,"located at, present at, real, true, existing | ALT (affirmative response)","core, pu"
luka,luka,luka,"<img src=‚Äùt47_nimi_luka"">",‚úã,http://antetokipona.infinityfreeapp.com/lukapona/gif/luka.gif,http://antetokipona.infinityfreeapp.com/kalama/kalaasi/luka.mp3,http://antetokipona.infinityfreeapp.com/kalama/jlakuse/luka.mp3,"arm, hand, tactile organ; five | ALT touch/feel physically, interact, press","core, pu"
lukin,lukin,lukin,"<img src=‚Äùt47_nimi_lukin"">",üëÄ,http://antetokipona.infinityfreeapp.com/lukapona/gif/lukin.gif,http://antetokipona.infinityfreeapp.com/kalama/kalaasi/lukin.mp3,http://antetokipona.infinityfreeapp.com/kalama/jlakuse/lukin.mp3,"eye; look at, see, examine, observe, read, watch; look for, seek; (pv.) try to","core, pu"
lupa,lupa,lupa,"<img src=‚Äùt47_nimi_lupa"">",üï≥Ô∏è,http://antetokipona.infinityfreeapp.com/lukapona/gif/lupa.gif,http://antetokipona.infinityfreeapp.com/kalama/kalaasi/lupa.mp3,http://antetokipona.infinityfreeapp.com/kalama/jlakuse/lupa.mp3,"door, hole, orifice, window","core, pu"
ma,ma,ma,"<img src=‚Äùt47_nimi_ma"">",üèùÔ∏è,http://antetokipona.infinityfreeapp.com/lukapona/gif/ma.gif,http://antetokipona.infinityfreeapp.com/kalama/kalaasi/ma.mp3,http://antetokipona.infinityfreeapp.com/kalama/jlakuse/ma.mp3,"earth, land; outdoors, world; country, territory; soil","core, pu"
mama,mama,mama,"<img src=‚Äùt47_nimi_mama"">",üë™,http://antetokipona.infinityfreeapp.com/lukapona/gif/mama.gif,http://antetokipona.infinityfreeapp.com/kalama/kalaasi/mama.mp3,http://antetokipona.infinityfreeapp.com/kalama/jlakuse/mama.mp3,"parent, ancestor; creator, originator; caretaker, sustainer","core, pu"
mani,mani,mani,"<img src=‚Äùt47_nimi_mani"">",üí∞,http://antetokipona.infinityfreeapp.com/lukapona/gif/mani.gif,http://antetokipona.infinityfreeapp.com/kalama/kalaasi/mani.mp3,http://antetokipona.infinityfreeapp.com/kalama/jlakuse/mani.mp3,"money, cash, savings, wealth; large domesticated animal","core, pu"
mi,mi,mi,"<img src=‚Äùt47_nimi_mi"">",üëà,http://antetokipona.infinityfreeapp.com/lukapona/gif/mi.gif,http://antetokipona.infinityfreeapp.com/kalama/kalaasi/mi.mp3,http://antetokipona.infinityfreeapp.com/kalama/jlakuse/mi.mp3,"I, me, we, us","core, pu"
moku,moku,moku,"<img src=‚Äùt47_nimi_moku"">",üçΩÔ∏è,http://antetokipona.infinityfreeapp.com/lukapona/gif/moku.gif,http://antetokipona.infinityfreeapp.com/kalama/kalaasi/moku.mp3,http://antetokipona.infinityfreeapp.com/kalama/jlakuse/moku.mp3,"to eat, drink, consume, swallow, ingest","core, pu"
moli,moli,moli,"<img src=‚Äùt47_nimi_moli"">",üíÄ,http://antetokipona.infinityfreeapp.com/lukapona/gif/moli.gif,http://antetokipona.infinityfreeapp.com/kalama/kalaasi/moli.mp3,http://antetokipona.infinityfreeapp.com/kalama/jlakuse/moli.mp3,"dead, dying","core, pu"
monsi,monsi,monsi,"<img src=‚Äùt47_nimi_monsi"">",‚¨ÖÔ∏è,http://antetokipona.infinityfreeapp.com/lukapona/gif/monsi.gif,http://antetokipona.infinityfreeapp.com/kalama/kalaasi/monsi.mp3,http://antetokipona.infinityfreeapp.com/kalama/jlakuse/monsi.mp3,"back, behind, rear","core, pu"
mu,mu,mu mu2,"<img src=‚Äùt47_nimi_mu"">",üòπ,http://antetokipona.infinityfreeapp.com/lukapona/gif/mu.gif,http://antetokipona.infinityfreeapp.com/kalama/kalaasi/mu.mp3,http://antetokipona.infinityfreeapp.com/kalama/jlakuse/mu.mp3,(animal noise or communication) | ALT (non-speech vocalization),"core, pu"
mun,mun,mun,"<img src=‚Äùt47_nimi_mun"">",üåô,http://antetokipona.infinityfreeapp.com/lukapona/gif/mun.gif,http://antetokipona.infinityfreeapp.com/kalama/kalaasi/mun.mp3,http://antetokipona.infinityfreeapp.com/kalama/jlakuse/mun.mp3,"moon, night sky object, star | ALT glow, glowing light, light in the dark","core, pu"
musi,musi,musi,"<img src=‚Äùt47_nimi_musi"">",üòÉ,http://antetokipona.infinityfreeapp.com/lukapona/gif/musi.gif,http://antetokipona.infinityfreeapp.com/kalama/kalaasi/musi.mp3,http://antetokipona.infinityfreeapp.com/kalama/jlakuse/musi.mp3,"artistic, entertaining, frivolous, playful, recreation","core, pu"
mute,mute,mute,"<img src=‚Äùt47_nimi_mute"">",üëê,http://antetokipona.infinityfreeapp.com/lukapona/gif/mute.gif,http://antetokipona.infinityfreeapp.com/kalama/kalaasi/mute.mp3,http://antetokipona.infinityfreeapp.com/kalama/jlakuse/mute.mp3,"many, a lot, more, much, several, very; quantity | ALT three (or more), 20","core, pu"
nanpa,nanpa,nanpa,"<img src=‚Äùt47_nimi_nanpa"">",#Ô∏è‚É£,http://antetokipona.infinityfreeapp.com/lukapona/gif/nanpa.gif,http://antetokipona.infinityfreeapp.com/kalama/kalaasi/nanpa.mp3,http://antetokipona.infinityfreeapp.com/kalama/jlakuse/nanpa.mp3,-th (ordinal number); numbers,"core, pu"
nasa,nasa,nasa,"<img src=‚Äùt47_nimi_nasa"">",üåÄ,http://antetokipona.infinityfreeapp.com/lukapona/gif/nasa.gif,http://antetokipona.infinityfreeapp.com/kalama/kalaasi/nasa.mp3,http://antetokipona.infinityfreeapp.com/kalama/jlakuse/nasa.mp3,"unusual, strange; silly; drunk, intoxicated","core, pu"
nasin,nasin,nasin,"<img src=‚Äùt47_nimi_nasin"">",üõ£Ô∏è,http://antetokipona.infinityfreeapp.com/lukapona/gif/nasin.gif,http://antetokipona.infinityfreeapp.com/kalama/kalaasi/nasin.mp3,http://antetokipona.infinityfreeapp.com/kalama/jlakuse/nasin.mp3,"way, custom, doctrine, method, path, road","core, pu"
nena,nena,nena,"<img src=‚Äùt47_nimi_nena"">",üóª,http://antetokipona.infinityfreeapp.com/lukapona/gif/nena.gif,http://antetokipona.infinityfreeapp.com/kalama/kalaasi/nena.mp3,http://antetokipona.infinityfreeapp.com/kalama/jlakuse/nena.mp3,"bump, button, hill, mountain, nose, protuberance","core, pu"
ni,ni,ni ni2,"<img src=‚Äùt47_nimi_ni"">",üëá,http://antetokipona.infinityfreeapp.com/lukapona/gif/ni.gif,http://antetokipona.infinityfreeapp.com/kalama/kalaasi/ni.mp3,http://antetokipona.infinityfreeapp.com/kalama/jlakuse/ni.mp3,"that, this","core, pu"
nimi,nimi,nimi,"<img src=‚Äùt47_nimi_nimi"">",üí¨,http://antetokipona.infinityfreeapp.com/lukapona/gif/nimi.gif,http://antetokipona.infinityfreeapp.com/kalama/kalaasi/nimi.mp3,http://antetokipona.infinityfreeapp.com/kalama/jlakuse/nimi.mp3,"name, word","core, pu"
noka,noka,noka,"<img src=‚Äùt47_nimi_noka"">",ü¶µ,http://antetokipona.infinityfreeapp.com/lukapona/gif/noka.gif,http://antetokipona.infinityfreeapp.com/kalama/kalaasi/noka.mp3,http://antetokipona.infinityfreeapp.com/kalama/jlakuse/noka.mp3,"foot, leg, organ of locomotion; bottom, lower part | ALT ten; twenty; negative five","core, pu"
o,o,o,"<img src=‚Äùt47_nimi_o"">",üëã,http://antetokipona.infinityfreeapp.com/lukapona/gif/o.gif,http://antetokipona.infinityfreeapp.com/kalama/kalaasi/o.mp3,http://antetokipona.infinityfreeapp.com/kalama/jlakuse/o.mp3,"hey! O! (vocative, imperative, or optative)","core, pu"
olin,olin,olin olin2,"<img src=‚Äùt47_nimi_olin"">",üíï,http://antetokipona.infinityfreeapp.com/lukapona/gif/olin.gif,http://antetokipona.infinityfreeapp.com/kalama/kalaasi/olin.mp3,http://antetokipona.infinityfreeapp.com/kalama/jlakuse/olin.mp3,"love, have compassion for, respect, show affection to","core, pu"
ona,ona,ona,"<img src=‚Äùt47_nimi_ona"">",üëÜ,http://antetokipona.infinityfreeapp.com/lukapona/gif/ona.gif,http://antetokipona.infinityfreeapp.com/kalama/kalaasi/ona.mp3,http://antetokipona.infinityfreeapp.com/kalama/jlakuse/ona.mp3,"he, she, it, they","core, pu"
open,open,open,"<img src=‚Äùt47_nimi_open"">",üîì,http://antetokipona.infinityfreeapp.com/lukapona/gif/open.gif,http://antetokipona.infinityfreeapp.com/kalama/kalaasi/open.mp3,http://antetokipona.infinityfreeapp.com/kalama/jlakuse/open.mp3,"begin, start; open; turn on","core, pu"
pakala,pakala,pakala,"<img src=‚Äùt47_nimi_pakala"">",üí•,http://antetokipona.infinityfreeapp.com/lukapona/gif/pakala.gif,http://antetokipona.infinityfreeapp.com/kalama/kalaasi/pakala.mp3,http://antetokipona.infinityfreeapp.com/kalama/jlakuse/pakala.mp3,"botched, broken, damaged, harmed, messed up | ALT (curse expletive, e.g. fuck!)","core, pu"
pali,pali,pali,"<img src=‚Äùt47_nimi_pali"">",‚úä,http://antetokipona.infinityfreeapp.com/lukapona/gif/pali.gif,http://antetokipona.infinityfreeapp.com/kalama/kalaasi/pali.mp3,http://antetokipona.infinityfreeapp.com/kalama/jlakuse/pali.mp3,"do, take action on, work on; build, make, prepare","core, pu"
palisa,palisa,palisa,"<img src=‚Äùt47_nimi_palisa"">",üìè,http://antetokipona.infinityfreeapp.com/lukapona/gif/palisa.gif,http://antetokipona.infinityfreeapp.com/kalama/kalaasi/palisa.mp3,http://antetokipona.infinityfreeapp.com/kalama/jlakuse/palisa.mp3,"long hard thing; branch, rod, stick","core, pu"
pan,pan,pan,"<img src=‚Äùt47_nimi_pan"">",üçû,http://antetokipona.infinityfreeapp.com/lukapona/gif/pan.gif,http://antetokipona.infinityfreeapp.com/kalama/kalaasi/pan.mp3,http://antetokipona.infinityfreeapp.com/kalama/jlakuse/pan.mp3,"cereal, grain; barley, corn, oat, rice, wheat; bread, pasta","core, pu"
pana,pana,pana,"<img src=‚Äùt47_nimi_pana"">",üì§,http://antetokipona.infinityfreeapp.com/lukapona/gif/pana.gif,http://antetokipona.infinityfreeapp.com/kalama/kalaasi/pana.mp3,http://antetokipona.infinityfreeapp.com/kalama/jlakuse/pana.mp3,"give, send, emit, provide, put, release","core, pu"
pi,pi,pi,"<img src=‚Äùt47_nimi_pi"">",‚èπÔ∏è,http://antetokipona.infinityfreeapp.com/lukapona/gif/pi.gif,http://antetokipona.infinityfreeapp.com/kalama/kalaasi/pi.mp3,http://antetokipona.infinityfreeapp.com/kalama/jlakuse/pi.mp3,of (used to divide a second noun group that describes a first noun group) | ALT (introduces a genitive noun),"core, pu"
pilin,pilin,pilin,"<img src=‚Äùt47_nimi_pilin"">",‚ù§Ô∏è,http://antetokipona.infinityfreeapp.com/lukapona/gif/pilin.gif,http://antetokipona.infinityfreeapp.com/kalama/kalaasi/pilin.mp3,http://antetokipona.infinityfreeapp.com/kalama/jlakuse/pilin.mp3,"heart (physical or emotional); feeling (an emotion, a direct experience)","core, pu"
pimeja,pimeja,pimeja,"<img src=‚Äùt47_nimi_pimeja"">",‚ö´,http://antetokipona.infinityfreeapp.com/lukapona/gif/pimeja.gif,,http://antetokipona.infinityfreeapp.com/kalama/jlakuse/pimeja.mp3,"black, dark, unlit","core, pu"
pini,pini,pini,"<img src=‚Äùt47_nimi_pini"">",üèÅ,http://antetokipona.infinityfreeapp.com/lukapona/gif/pini.gif,http://antetokipona.infinityfreeapp.com/kalama/kalaasi/pini.mp3,http://antetokipona.infinityfreeapp.com/kalama/jlakuse/pini.mp3,"ago, completed, ended, finished, past","core, pu"
pipi,pipi,pipi,"<img src=‚Äùt47_nimi_pipi"">",üêû,http://antetokipona.infinityfreeapp.com/lukapona/gif/pipi.gif,http://antetokipona.infinityfreeapp.com/kalama/kalaasi/pipi.mp3,http://antetokipona.infinityfreeapp.com/kalama/jlakuse/pipi.mp3,"bug, insect, ant, spider","core, pu"
poka,poka,poka,"<img src=‚Äùt47_nimi_poka"">",‚ÜîÔ∏è,http://antetokipona.infinityfreeapp.com/lukapona/gif/poka.gif,http://antetokipona.infinityfreeapp.com/kalama/kalaasi/poka.mp3,http://antetokipona.infinityfreeapp.com/kalama/jlakuse/poka.mp3,"hip, side; next to, nearby, vicinity | ALT along with (comitative), beside","core, pu"
poki,poki,poki,"<img src=‚Äùt47_nimi_poki"">",üì¶,http://antetokipona.infinityfreeapp.com/lukapona/gif/poki.gif,http://antetokipona.infinityfreeapp.com/kalama/kalaasi/poki.mp3,http://antetokipona.infinityfreeapp.com/kalama/jlakuse/poki.mp3,"container, bag, bowl, box, cup, cupboard, drawer, vessel","core, pu"
pona,pona,pona,"<img src=‚Äùt47_nimi_pona"">",üëç,http://antetokipona.infinityfreeapp.com/lukapona/gif/pona.gif,http://antetokipona.infinityfreeapp.com/kalama/kalaasi/pona.mp3,http://antetokipona.infinityfreeapp.com/kalama/jlakuse/pona.mp3,"good, positive, useful; friendly, peaceful; simple","core, pu"
pu,pu,pu,,üìñ,,http://antetokipona.infinityfreeapp.com/kalama/kalaasi/pu.mp3,http://antetokipona.infinityfreeapp.com/kalama/jlakuse/pu.mp3,interacting with the official Toki Pona book,"core, pu"
sama,sama,sama,"<img src=‚Äùt47_nimi_sama"">",‚öñÔ∏è,http://antetokipona.infinityfreeapp.com/lukapona/gif/sama.gif,http://antetokipona.infinityfreeapp.com/kalama/kalaasi/sama.mp3,http://antetokipona.infinityfreeapp.com/kalama/jlakuse/sama.mp3,"same, similar; each other; sibling, peer, fellow; as, like","core, pu"
seli,seli,seli,"<img src=‚Äùt47_nimi_seli"">",üî•,http://antetokipona.infinityfreeapp.com/lukapona/gif/seli.gif,http://antetokipona.infinityfreeapp.com/kalama/kalaasi/seli.mp3,http://antetokipona.infinityfreeapp.com/kalama/jlakuse/seli.mp3,"fire; cooking element, chemical reaction, heat source","core, pu"
selo,selo,selo,"<img src=‚Äùt47_nimi_selo"">",üî≤,http://antetokipona.infinityfreeapp.com/lukapona/gif/selo.gif,http://antetokipona.infinityfreeapp.com/kalama/kalaasi/selo.mp3,http://antetokipona.infinityfreeapp.com/kalama/jlakuse/selo.mp3,"outer form, outer layer; bark, peel, shell, skin; boundary","core, pu"
seme,seme,seme,"<img src=‚Äùt47_nimi_seme"">",‚ùì,http://antetokipona.infinityfreeapp.com/lukapona/gif/seme.gif,http://antetokipona.infinityfreeapp.com/kalama/kalaasi/seme.mp3,http://antetokipona.infinityfreeapp.com/kalama/jlakuse/seme.mp3,what? which?,"core, pu"
sewi,sewi,sewi sewi2,"<img src=‚Äùt47_nimi_sewi"">",‚¨ÜÔ∏è,http://antetokipona.infinityfreeapp.com/lukapona/gif/sewi.gif,http://antetokipona.infinityfreeapp.com/kalama/kalaasi/sewi.mp3,http://antetokipona.infinityfreeapp.com/kalama/jlakuse/sewi.mp3,"area above, highest part, something elevated; awe-inspiring, divine, sacred, supernatural","core, pu"
sijelo,sijelo,sijelo,"<img src=‚Äùt47_nimi_sijelo"">",üèãÔ∏è,http://antetokipona.infinityfreeapp.com/lukapona/gif/sijelo.gif,http://antetokipona.infinityfreeapp.com/kalama/kalaasi/sijelo.mp3,http://antetokipona.infinityfreeapp.com/kalama/jlakuse/sijelo.mp3,"body (of person or animal), physical state, torso","core, pu"
sike,sike,sike,"<img src=‚Äùt47_nimi_sike"">",‚≠ï,http://antetokipona.infinityfreeapp.com/lukapona/gif/sike.gif,http://antetokipona.infinityfreeapp.com/kalama/kalaasi/sike.mp3,http://antetokipona.infinityfreeapp.com/kalama/jlakuse/sike.mp3,"round or circular thing; ball, circle, cycle, sphere, wheel; of one year","core, pu"
sin,sin,sin,"<img src=‚Äùt47_nimi_sin"">",üéÅ,http://antetokipona.infinityfreeapp.com/lukapona/gif/sin.gif,http://antetokipona.infinityfreeapp.com/kalama/kalaasi/sin.mp3,http://antetokipona.infinityfreeapp.com/kalama/jlakuse/sin.mp3,"new, fresh; additional, another, extra","core, pu"
sina,sina,sina,"<img src=‚Äùt47_nimi_sina"">",üëâ,http://antetokipona.infinityfreeapp.com/lukapona/gif/sina.gif,http://antetokipona.infinityfreeapp.com/kalama/kalaasi/sina.mp3,http://antetokipona.infinityfreeapp.com/kalama/jlakuse/sina.mp3,you,"core, pu"
sinpin,sinpin,sinpin,"<img src=‚Äùt47_nimi_sinpin"">",‚û°Ô∏è,http://antetokipona.infinityfreeapp.com/lukapona/gif/sinpin.gif,http://antetokipona.infinityfreeapp.com/kalama/kalaasi/sinpin.mp3,http://antetokipona.infinityfreeapp.com/kalama/jlakuse/sinpin.mp3,"face, foremost, front, wall","core, pu"
sitelen,sitelen,sitelen,"<img src=‚Äùt47_nimi_sitelen"">",üñºÔ∏è,http://antetokipona.infinityfreeapp.com/lukapona/gif/sitelen.gif,http://antetokipona.infinityfreeapp.com/kalama/kalaasi/sitelen.mp3,http://antetokipona.infinityfreeapp.com/kalama/jlakuse/sitelen.mp3,"image, picture, representation, symbol, mark, writing","core, pu"
sona,sona,sona,"<img src=‚Äùt47_nimi_sona"">",üß†,http://antetokipona.infinityfreeapp.com/lukapona/gif/sona.gif,http://antetokipona.infinityfreeapp.com/kalama/kalaasi/sona.mp3,http://antetokipona.infinityfreeapp.com/kalama/jlakuse/sona.mp3,"know, be skilled in, be wise about, have information on; (pv.) know how to","core, pu"
soweli,soweli,soweli,"<img src=‚Äùt47_nimi_soweli"">",üêí,http://antetokipona.infinityfreeapp.com/lukapona/gif/soweli.gif,http://antetokipona.infinityfreeapp.com/kalama/kalaasi/soweli.mp3,http://antetokipona.infinityfreeapp.com/kalama/jlakuse/soweli.mp3,"animal, beast, land mammal","core, pu"
suli,suli,suli,"<img src=‚Äùt47_nimi_suli"">",üêò,http://antetokipona.infinityfreeapp.com/lukapona/gif/suli.gif,http://antetokipona.infinityfreeapp.com/kalama/kalaasi/suli.mp3,http://antetokipona.infinityfreeapp.com/kalama/jlakuse/suli.mp3,"big, heavy, large, long, tall; important; adult","core, pu"
suno,suno,suno,"<img src=‚Äùt47_nimi_suno"">",‚òÄÔ∏è,http://antetokipona.infinityfreeapp.com/lukapona/gif/suno.gif,http://antetokipona.infinityfreeapp.com/kalama/kalaasi/suno.mp3,http://antetokipona.infinityfreeapp.com/kalama/jlakuse/suno.mp3,"sun; light, brightness, glow, radiance, shine; light source","core, pu"
supa,supa,supa,"<img src=‚Äùt47_nimi_supa"">",üõèÔ∏è,http://antetokipona.infinityfreeapp.com/lukapona/gif/supa.gif,http://antetokipona.infinityfreeapp.com/kalama/kalaasi/supa.mp3,http://antetokipona.infinityfreeapp.com/kalama/jlakuse/supa.mp3,"horizontal surface, thing to put or rest something on","core, pu"
suwi,suwi,suwi,"<img src=‚Äùt47_nimi_suwi"">",üç≠,http://antetokipona.infinityfreeapp.com/lukapona/gif/suwi.gif,http://antetokipona.infinityfreeapp.com/kalama/kalaasi/suwi.mp3,http://antetokipona.infinityfreeapp.com/kalama/jlakuse/suwi.mp3,"sweet, fragrant; cute, innocent, adorable","core, pu"
tan,tan,tan,"<img src=‚Äùt47_nimi_tan"">",‚Ü©Ô∏è,http://antetokipona.infinityfreeapp.com/lukapona/gif/tan.gif,http://antetokipona.infinityfreeapp.com/kalama/kalaasi/tan.mp3,http://antetokipona.infinityfreeapp.com/kalama/jlakuse/tan.mp3,"by, from, because of; origin, cause","core, pu"
taso,taso,taso,"<img src=‚Äùt47_nimi_taso"">",ü§î,http://antetokipona.infinityfreeapp.com/lukapona/gif/taso.gif,http://antetokipona.infinityfreeapp.com/kalama/kalaasi/taso.mp3,http://antetokipona.infinityfreeapp.com/kalama/jlakuse/taso.mp3,"but, however; only","core, pu"
tawa,tawa,tawa,"<img src=‚Äùt47_nimi_tawa"">",‚Ü™Ô∏è,http://antetokipona.infinityfreeapp.com/lukapona/gif/tawa.gif,http://antetokipona.infinityfreeapp.com/kalama/kalaasi/tawa.mp3,http://antetokipona.infinityfreeapp.com/kalama/jlakuse/tawa.mp3,"going to, toward; for; from the perspective of; moving | ALT (pv.) going to","core, pu"
telo,telo,telo,"<img src=‚Äùt47_nimi_telo"">",üíß,http://antetokipona.infinityfreeapp.com/lukapona/gif/telo.gif,http://antetokipona.infinityfreeapp.com/kalama/kalaasi/telo.mp3,http://antetokipona.infinityfreeapp.com/kalama/jlakuse/telo.mp3,"water, liquid, fluid, wet substance; beverages","core, pu"
tenpo,tenpo,tenpo,"<img src=‚Äùt47_nimi_tenpo"">",‚è∞,http://antetokipona.infinityfreeapp.com/lukapona/gif/tenpo.gif,http://antetokipona.infinityfreeapp.com/kalama/kalaasi/tenpo.mp3,http://antetokipona.infinityfreeapp.com/kalama/jlakuse/tenpo.mp3,"time, duration, moment, occasion, period, situation","core, pu"
toki,toki,toki,"<img src=‚Äùt47_nimi_toki"">",üó£Ô∏è,http://antetokipona.infinityfreeapp.com/lukapona/gif/toki.gif,http://antetokipona.infinityfreeapp.com/kalama/kalaasi/toki.mp3,http://antetokipona.infinityfreeapp.com/kalama/jlakuse/toki.mp3,"communicate, say, speak, talk, use language, think; hello","core, pu"
tomo,tomo,tomo,"<img src=‚Äùt47_nimi_tomo"">",üè†,http://antetokipona.infinityfreeapp.com/lukapona/gif/tomo.gif,http://antetokipona.infinityfreeapp.com/kalama/kalaasi/tomo.mp3,http://antetokipona.infinityfreeapp.com/kalama/jlakuse/tomo.mp3,"indoor space; building, home, house, room","core, pu"
tu,tu,tu,"<img src=‚Äùt47_nimi_tu"">",‚úåÔ∏è,http://antetokipona.infinityfreeapp.com/lukapona/gif/tu.gif,http://antetokipona.infinityfreeapp.com/kalama/kalaasi/tu.mp3,http://antetokipona.infinityfreeapp.com/kalama/jlakuse/tu.mp3,"two | ALT separate, cut","core, pu"
unpa,unpa,unpa,"<img src=‚Äùt47_nimi_unpa"">",üçÜ,http://antetokipona.infinityfreeapp.com/lukapona/gif/unpa.gif,http://antetokipona.infinityfreeapp.com/kalama/kalaasi/unpa.mp3,http://antetokipona.infinityfreeapp.com/kalama/jlakuse/unpa.mp3,have sexual relations with,"core, pu"
uta,uta,uta uta2,"<img src=‚Äùt47_nimi_uta"">",üëÑ,http://antetokipona.infinityfreeapp.com/lukapona/gif/uta.gif,http://antetokipona.infinityfreeapp.com/kalama/kalaasi/uta.mp3,http://antetokipona.infinityfreeapp.com/kalama/jlakuse/uta.mp3,"mouth, lips, oral cavity, jaw","core, pu"
utala,utala,utala,"<img src=‚Äùt47_nimi_utala"">",‚öîÔ∏è,http://antetokipona.infinityfreeapp.com/lukapona/gif/utala.gif,http://antetokipona.infinityfreeapp.com/kalama/kalaasi/utala.mp3,http://antetokipona.infinityfreeapp.com/kalama/jlakuse/utala.mp3,"battle, challenge, compete against, struggle against","core, pu"
walo,walo,walo,"<img src=‚Äùt47_nimi_walo"">",‚ö™,http://antetokipona.infinityfreeapp.com/lukapona/gif/walo.gif,http://antetokipona.infinityfreeapp.com/kalama/kalaasi/walo.mp3,http://antetokipona.infinityfreeapp.com/kalama/jlakuse/walo.mp3,"white, whitish; light-coloured, pale","core, pu"
wan,wan,wan,"<img src=‚Äùt47_nimi_wan"">",‚òùÔ∏è,http://antetokipona.infinityfreeapp.com/lukapona/gif/wan.gif,http://antetokipona.infinityfreeapp.com/kalama/kalaasi/wan.mp3,http://antetokipona.infinityfreeapp.com/kalama/jlakuse/wan.mp3,"unique, united; one","core, pu"
waso,waso,waso,"<img src=‚Äùt47_nimi_waso"">",ü¶Ö,http://antetokipona.infinityfreeapp.com/lukapona/gif/waso.gif,http://antetokipona.infinityfreeapp.com/kalama/kalaasi/waso.mp3,http://antetokipona.infinityfreeapp.com/kalama/jlakuse/waso.mp3,"bird, flying creature, winged animal","core, pu"
wawa,wawa,wawa,"<img src=‚Äùt47_nimi_wawa"">",‚ö°,http://antetokipona.infinityfreeapp.com/lukapona/gif/wawa.gif,http://antetokipona.infinityfreeapp.com/kalama/kalaasi/wawa.mp3,http://antetokipona.infinityfreeapp.com/kalama/jlakuse/wawa.mp3,"strong, powerful; confident, sure; energetic, intense","core, pu"
weka,weka,weka,"<img src=‚Äùt47_nimi_weka"">",üõ´,http://antetokipona.infinityfreeapp.com/lukapona/gif/weka.gif,http://antetokipona.infinityfreeapp.com/kalama/kalaasi/weka.mp3,http://antetokipona.infinityfreeapp.com/kalama/jlakuse/weka.mp3,"absent, away, ignored","core, pu"
wile,wile,wile wile2,"<img src=‚Äùt47_nimi_wile"">",üí≠,http://antetokipona.infinityfreeapp.com/lukapona/gif/wile.gif,http://antetokipona.infinityfreeapp.com/kalama/kalaasi/wile.mp3,http://antetokipona.infinityfreeapp.com/kalama/jlakuse/wile.mp3,"must, need, require, should, want, wish","core, pu"
kijetesantakalu,kijetesantakalu,kijetesantakalu,"<img src=‚Äùt47_nimi_kijetesantakalu"">",ü¶ù,http://antetokipona.infinityfreeapp.com/lukapona/gif/kijetesantakalu.gif,http://antetokipona.infinityfreeapp.com/kalama/kalaasi/kijetesantakalu.mp3,http://antetokipona.infinityfreeapp.com/kalama/jlakuse/kijetesantakalu.mp3,"any animal from the Procyonidae family, such as raccoons, coatis, kinkajous, olingos, ringtails and cacomistles | ALT any animal from the Musteloidea superfamily, including raccoons, weasels, otters, skunks, and red pandas","widespread, ku suli"
kin,kin,kin,"<img src=‚Äùt47_nimi_kin"">",‚ùï,,http://antetokipona.infinityfreeapp.com/kalama/kalaasi/kin.mp3,http://antetokipona.infinityfreeapp.com/kalama/jlakuse/kin.mp3,"{see a} | ALT indeed, too, also, as well","widespread, ku suli"
kipisi,kipisi,kipisi,"<img src=‚Äùt47_nimi_kipisi"">",‚úÇÔ∏è,http://antetokipona.infinityfreeapp.com/lukapona/gif/kipisi.gif,http://antetokipona.infinityfreeapp.com/kalama/kalaasi/kipisi.mp3,http://antetokipona.infinityfreeapp.com/kalama/jlakuse/kipisi.mp3,"split, cut, slice, sever; sharp","widespread, ku suli"
ku,ku,ku,,,,,http://antetokipona.infinityfreeapp.com/kalama/jlakuse/ku.mp3,interacting with the Toki Pona Dictionary by Sonja Lang,"widespread, ku suli"
leko,leko,leko,"<img src=‚Äùt47_nimi_leko"">",üß±,http://antetokipona.infinityfreeapp.com/lukapona/gif/leko.gif,,http://antetokipona.infinityfreeapp.com/kalama/jlakuse/leko.mp3,"stairs, square, block, corner, cube","widespread, ku suli"
meli,meli,meli meli2,"<img src=‚Äùt47_nimi_meli"">",üëß,http://antetokipona.infinityfreeapp.com/lukapona/gif/meli.gif,http://antetokipona.infinityfreeapp.com/kalama/kalaasi/meli.mp3,http://antetokipona.infinityfreeapp.com/kalama/jlakuse/meli.mp3,"woman, female, feminine person; wife","widespread, pu"
mije,mije,mije mije2,"<img src=‚Äùt47_nimi_mije"">",üë®,http://antetokipona.infinityfreeapp.com/lukapona/gif/mije.gif,http://antetokipona.infinityfreeapp.com/kalama/kalaasi/mije.mp3,http://antetokipona.infinityfreeapp.com/kalama/jlakuse/mije.mp3,"man, male, masculine person; husband","widespread, pu"
monsuta,monsuta,monsuta,"<img src=‚Äùt47_nimi_monsuta"">",üëπ,http://antetokipona.infinityfreeapp.com/lukapona/gif/monsuta.gif,http://antetokipona.infinityfreeapp.com/kalama/kalaasi/monsuta.mp3,http://antetokipona.infinityfreeapp.com/kalama/jlakuse/monsuta.mp3,"fear, dread; monster, predator; threat, danger","widespread, ku suli"
namako,namako,namako namako2,"<img src=‚Äùt47_nimi_namako"">",üßÇ,,http://antetokipona.infinityfreeapp.com/kalama/kalaasi/namako.mp3,http://antetokipona.infinityfreeapp.com/kalama/jlakuse/namako.mp3,"{see sin} | ALT embellishment, spice; extra, additional","widespread, ku suli"
soko,soko,soko,"<img src=‚Äùt47_nimi_soko"">",üçÑ,,,http://antetokipona.infinityfreeapp.com/kalama/jlakuse/soko.mp3,"fungus, fungi","widespread, ku suli"
tonsi,tonsi,tonsi,"<img src=‚Äùt47_nimi_tonsi"">",‚ôê,,http://antetokipona.infinityfreeapp.com/kalama/kalaasi/tonsi.mp3,http://antetokipona.infinityfreeapp.com/kalama/jlakuse/tonsi.mp3,"non-binary, gender-non-conforming | ALT trans, non-cisgender","widespread, ku suli"
lanpan,lanpan,lanpan lanpan3,"<img src=‚Äùt47_nimi_lanpan"">",üì•,,,http://antetokipona.infinityfreeapp.com/kalama/jlakuse/lanpan.mp3,"take, seize, catch, receive, get","common, ku suli"
meso,meso,meso meso2,"<img src=‚Äùt47_nimi_meso"">",,http://antetokipona.infinityfreeapp.com/lukapona/gif/meso.gif,,http://antetokipona.infinityfreeapp.com/kalama/jlakuse/meso.mp3,"midpoint, medium, mediocre; neither one not the other, neither fully is nor isn't","common, ku suli"
misikeke,misikeke,misikeke,"<img src=‚Äùt47_nimi_misekeke"">",üíä,http://antetokipona.infinityfreeapp.com/lukapona/gif/misikeke.gif,,http://antetokipona.infinityfreeapp.com/kalama/jlakuse/misikeke.mp3,"medicine, medical","common, ku suli"
n,n,n,"<img src=‚Äùt47_nimi_n"">",,,,http://antetokipona.infinityfreeapp.com/kalama/jlakuse/n.mp3,"(indicates thinking, pondering, recognition, agreement, or humming)","common, ku suli"
oko,oko,oko,"<img src=‚Äùt47_nimi_oko"">",üëÅÔ∏è,http://antetokipona.infinityfreeapp.com/lukapona/gif/oko.gif,http://antetokipona.infinityfreeapp.com/kalama/kalaasi/oko.mp3,http://antetokipona.infinityfreeapp.com/kalama/jlakuse/oko.mp3,"{see lukin} | ALT eye, ocular, visual {cf. lukin}","common, ku suli"
ali,ali,ali,,‚ôæÔ∏è,,http://antetokipona.infinityfreeapp.com/kalama/kalaasi/ali.mp3,http://antetokipona.infinityfreeapp.com/kalama/jlakuse/ali.mp3,[alternate form of ale],"uncommon, pu"
apeja,apeja,apeja,,üò¢,,,,"guilt, shame, shun, stigma, disgrace; to accuse, to single out, to expose, to dishonor, to embarrass","uncommon,ku lili"
epiku,epiku,epiku epiku1,"<img src=‚Äùt47_nimi_epiku"">",üòé,,,http://antetokipona.infinityfreeapp.com/kalama/jlakuse/epiku.mp3,"epic, cool, awesome, amazing","uncommon, ku suli"
jasima,jasima,jasima,"<img src=‚Äùt47_nimi_jasima"">",,,,http://antetokipona.infinityfreeapp.com/kalama/jlakuse/jasima.mp3,"reflect, resound, mirror, be on the opposite/polar end of","uncommon, ku suli"
kiki,kiki,kiki,,,http://antetokipona.infinityfreeapp.com/lukapona/gif/kiki.gif,,,"spiky, sharp, angle, point, triangular","uncommon,ku lili"
kokosila,kokosila,kokosila kokosila2,"<img src=‚Äùt47_nimi_kokosila"">",,,,http://antetokipona.infinityfreeapp.com/kalama/jlakuse/kokosila.mp3,to speak a non-Toki Pona language in an environment where Toki Pona is more appropriate,"uncommon, ku suli"
linluwi,linluwi,linluwi linluwi2,,üåê,,,,"network, internet, connection; weave, braid, interlace","uncommon,ku lili"
majuna,majuna,majuna majuna2,,üëµ,,,http://antetokipona.infinityfreeapp.com/kalama/jlakuse/majuna.mp3,"old, aged, ancient","uncommon,ku lili"
powe,powe,powe,,üßû,,,http://antetokipona.infinityfreeapp.com/kalama/jlakuse/powe.mp3,"unreal, false, untrue; pretend; deceive, trick","uncommon,ku lili"
isipin,isipin,isipin,,,http://antetokipona.infinityfreeapp.com/lukapona/gif/isipin.gif,,,"to think, brainstorm, rationalize, conclude, ponder ","rare, ku lili"
kapesi,kapesi,kapesi kapesi2,,üü§,,,,"brown, gray","rare, ku lili"
misa,misa,misa misa5,,,,,,"Glires or Eulipotyphla; rat, mouse, squirrel, rabbit, rodent; {~ suli} capybara","rare, ku lili"
nimisin,nimisin,,,,,,,any non-pu word; any new word; any joke word,rare
oke,oke,oke,,üëå,,,,(acknowledgement or acceptance),"rare, ku lili"
omekapo,omekapo,omekapo,,,,,,"goodbye, farewell, see you later, eat a good fish",rare
pake,pake,pake,,üöß,,,http://antetokipona.infinityfreeapp.com/kalama/jlakuse/pake.mp3,"stop, cease, halt; to block the way, to interrupt; to prevent","rare, ku lili"
puwa,puwa,puwa,,‚òÅÔ∏è,,,,"fluffy, soft, squishy (something that can be compressed and will try to go back to its original shape)",rare
taki,taki,taki taki2,,,,,,"sticky, magnetic; bond, attract, attach, clip","rare, ku lili"
te,te,te,,ü§ú,,,,(particle introducing a quote),"rare, ku lili"
to,to,to,,,,,,(particle closing a quote),"rare, ku lili"
unu,unu,unu,,,,,,purple,"rare, ku lili"
usawi,usawi,usawi,,,,,,"magic, sorcery; enchant; magical, supernatural, occult, incomprehensible","rare, ku lili"
wa,wa,wa,,,,,,[interjection] indicating awe or amazement,"rare, ku lili"
wuwojiti,wuwojiti,,,,,,,"to use one or more of the ""banned"" syllables wu, wo, ji, or ti; to break toki pona phonotactics",rare
yupekosi,yupekosi,yupekosi,,üìâ,,,,to behave like George Lucas and revise your old creative works and actually make them worse,"rare, ku lili"
aka,aka,aka,,,,,,"cross-like shape, intersection, overlap [alternative form of natu]",obscure
ako,ako,ako,,,,,,"(general interjection, context-dependent)",obscure
alente,alente,,,,,,,the set of every possible human concept subtracted from the set of concepts already covered by established toki pona words weighted by their relative usage,obscure
alu,alu,alu,,,,,,(between the main sentence and the context phrase),obscure
awase,awase,awase,,,,,,"bump, knock, jolt",obscure
eki,eki,eki,,,,,,"cross-like shape, intersection, overlap [alternative form of natu]",obscure
enko,enko,enko enko2,,üß≠,,,,"(spatial equivalents of tenpo constructions) space, place, distance, size (length, width, height, depth, area, volume)",obscure
ete,ete,ete ete2,,üîÉ,,,,"beyond, exceeding, outside of, more than","obscure, ku lili"
ewe,ewe,ewe,,üåã,,,,"stone, gravel, rock, pebble, lava, magma","obscure, ku lili"
i,i,i,,,,,,"he, she, it, they [alternate form of ona]",obscure
iki,iki,iki,,,,,,"he, she, it, they [alternate form of ona]",obscure
ipi,ipi,ipi,,,,,,"he, she, it, they [alternate form of ona]",obscure
itomi,itomi,itomi,,üòà,,,,"Schadenfreude, indirect insult or disrespect, shade",obscure
jaku,jaku,jaku,,,,,,one hundred,obscure
jalan,jalan,jalan,,,,,,foot [alternate form of noka],obscure
jami,jami,jami,,ü§§,,,,yummy; eliciting or stimulating a positive sensory experience,obscure
jans,jans,jans,,,,,,a particular group of early members of the ma pona Discord,obscure
je,je,je,,,,,,[interjection] (indicating excitement),obscure
jonke,jonke,jonke,,,,,,"goose, goose noise",obscure
ju,ju,ju,,,,,,(word reserved for future use by Sonja Lang),"obscure, ku lili"
jule,jule,,,,,,,"vibrate, shake, wobble, tremble; swing, oscillate; wave, tide",obscure
jume,jume,jume,,,,,,dream,obscure
kalamARR,kalamARR,kalamARR,,,,,,pirate noise,"obscure, ku lili"
kalijopilale,kalijopilale,kalijopilale,,,,,,"member of the order Caryophyllales, including all cacti as well as carnations, beets, and many carnivorous plants",obscure
kamalawala,kamalawala,kamalawala,,üí£,,,,"anarchy, uprising, revolt, rebellion","obscure, ku lili"
kan,kan,kan,,üîó,,,,"with, among, in the company of","obscure, ku lili"
kapa,kapa,kapa,,,,,,"extrusion, protrusion, hill, mountain, button",obscure
ke,ke,ke,,,,,,(acknowledgement or acceptance),"obscure, ku lili"
kepen,kepen,kepeken,,,,,,(shortened variant of kepeken),obscure
kese,kese,kese,,,,,,"queer, LGBT+","obscure, ku lili"
ki,ki,ki,,,,,,(relative clause marker),obscure
kisa,kisa,kisa,,,,,,cat,obscure
konsi,konsi,konsi,,,,,,"to notify, to let know",obscure
konwe,konwe,konwe,,,,,,"animacy, life, autonomy; autonomous being, living thing, organism; alive, animate, dynamic; to animate, to bring to life",obscure
kosan,kosan,kosan,,,,,,"guard, protect, defend, shield, brace, fortify from outside",obscure
kulijo,kulijo,kulijo,,,,,,"[interjection] casual expression of appreciation or acknowledgement; cool, fine, okay","obscure, ku lili"
kulu,kulu,kulu,,,,,,(shortened variant of kulupu); six (particularly in senary base),obscure
kuntu,kuntu,kuntu,,ü§£,,,,"laughter, chuckle, laugh, comedy, humor","obscure, ku lili"
kutopoma,kutopoma,kutopoma,,,,,,"the Korean group chat ""kulupu pi toki pona pi ma Anku""",obscure
lijokuku,lijokuku,lijokuku lijokuku2,,,,,,to agree (with laughter),obscure
likujo,likujo,likujo,,üß∫,,,,"collection, assortment, menagerie, arrangement, handful, harvest; seven","obscure, ku lili"
lo,lo,lo,,,,,,(before the prepositional phrase),obscure
loka,loka,loka,,,,,,limb,"obscure, ku lili"
lokon,lokon,lokon,,üßø,,,,{a compromise between lukin & oko},obscure
lu,lu,lu,,,,,,(word reserved for future use by Sonja Lang),"obscure, ku lili"
melome,melome,melome,,üë©‚Äç‚ù§Ô∏è‚Äçüë©,,,,"sapphic, lesbian, wlw",obscure
mijomi,mijomi,mijomi,,üë®‚Äç‚ù§Ô∏è‚Äçüë®,,,,"gay, mlm",obscure
molusa,molusa,molusa,,,,,,"a squishy animal, such as a snail, slug, or sponge",obscure
mulapisu,mulapisu,mulapisu,,üçï,,,http://antetokipona.infinityfreeapp.com/kalama/jlakuse/mulapisu.mp3,pizza,"obscure, ku lili"
nalanja,nalanja,,,,,,,orange (colour),obscure
natu,natu,natu,,,,,,"relationship, correlation, commonality; cross, knot, junction, intersection; to overlap, to fold; to overstep, to exceed to a point",obscure
neja,neja,neja,,,,,,four,"obscure, ku lili"
nele,nele,nele,,,,,,"transparent material/object, lack of privacy; clear, transparent, unobstructed; to make clear, to make transparent, to remove obstructions",obscure
nja,nja,nja,,,,,,"meow, feline sound",obscure
nu,nu,nu,,,,,,(word reserved for future use by Sonja Lang),"obscure, ku lili"
ojuta,ojuta,,,,,,,"toki pona adaptation of English meme ""ligma""",obscure
okepuma,okepuma,okepuma,,ü¶ñ,,,,"boomer, Baby Boomer, inconsiderate elder; [interjection/insult]",obscure
oki,oki,oki,,,,,,(acknowledgement or acceptance),obscure
omekalike,omekalike,,,,,,,(proper name) a song by jan Usawi,obscure
omen,omen,omen,,üôÑ,,,,"sarcasm, irony",obscure
oni,oni,oni oni2,,,,,,"dream, daydream, imaginative play, vision, mystical state; to entrance",obscure
owe,owe,owe,,,,,,"Orwellian, totalitarian, of or relating to Big Brother (from 1984), antonym of kamalawala",obscure
pa,pa,pa,,ü§®,,,,"[interjection] bruh; expression of disbelief, exasperation, or excitement",obscure
pasila,pasila,pasila,,üßò,,,,"good, easy; simple, relaxed, peaceful, uncomplicated",obscure
pata,pata,pata,,üëØ‚Äç‚ôÄÔ∏è,,,,"brother, sister, sibling","obscure, ku lili"
peta,peta,peta,,üü¢,,,,"green, greenish; verdant, alive; ecofriendly",obscure
peto,peto,peto,,üò≠,,,,"cry, tears; sad, sadness","obscure, ku lili"
pika,pika,pika,,,,,,"electric, electronic, conductive, mechanical, online; electricity, lightning, thunder, network",obscure
Pingo,Pingo,Pingo,,,,,,car,"obscure, ku lili"
pipo,pipo,pipo,,üòí,,,,"annoy, annoyance, bothersome, boring",obscure
po,po,po,,üçÄ,,,,four,"obscure, ku lili"
polinpin,polinpin,polinpin,,üé≥,,,,bowling pin,"obscure, ku lili"
pomotolo,pomotolo,pomotolo,,üìà,,,,"effective, useful, give good results","obscure, ku lili"
poni,poni,poni,,,,,,"pony, horse","obscure, ku lili"
samu,samu,samu,,‚úçÔ∏è,,,http://antetokipona.infinityfreeapp.com/kalama/jlakuse/samu.mp3,wanting to create new words,"obscure, ku lili"
san,san,san,,,,,,three,"obscure, ku lili"
sikomo,sikomo,sikomo,,ü§©,,,,"on a higher tier/plane, enlighten(ed), epic; to an exceedingly great extent",obscure
sipi,sipi,sipi,,,,,,"ego, self, own",obscure
slape,slape,slape,,,,,,[humorous synonym of lape],obscure
soto,soto,soto,,ü§õ,,,,"left, left side, port side","obscure, ku lili"
su,su,su,,,,,,(word reserved for future use by Sonja Lang),"obscure, ku lili"
suke,suke,,,,,,,[typo of sike],"obscure, ku lili"
sutopatikuna,sutopatikuna,sutopatikuna,,,,,,platypus,"obscure, ku lili"
teje,teje,teje,,,,,,"right, right side, starboard","obscure, ku lili"
ten,ten,ten,,,,,,(shortened variant of tenpo),obscure
tokana,tokana,tokana,,,,,,"focus, attention, concentrate, resolution, fineness; focus on",obscure
toma,toma,,,,,,,[typo of tomo],"obscure, ku lili"
tuli,tuli,tuli,,‚òòÔ∏è,,,,three,"obscure, ku lili"
u,u,u,,,,,,(word reserved for future use by Sonja Lang),"obscure, ku lili"
umesu,umesu,umesu,,,,,,amaze people by being on the top of the leaderboard of a toki pona game,"obscure, ku lili"
waleja,waleja,waleja,,‚ÑπÔ∏è,,,,"context, topic, salience, pertinent, topical, pertain to, be relevant","obscure, ku lili"
wasoweli,wasoweli,wasoweli,,,,,,animal with qualities of both waso & soweli,"obscure, ku lili"
wawajete,wawajete,wawajete,,ü§°,,,,"something that appears to break the rules but doesn't; faux edginess, provocation",obscure
we,we,we,,üîí,,,,(acts as a transition from one complete sentence to another),obscure
wekama,wekama,wekama,,,,,,"leave and come back, be temporarily absent with the expectation of returning",obscure
wi,wi,wi,,üôã,,,,"we (excluding you, i.e. 1st person exclusive)",obscure
yutu,yutu,yutu,,,,,,{on Discord} the star emoji used for the starboard (#pona-kulupu in ma pona),obscure
